id;title;description;due_date;complete;category
1;mobile Fish;Home Loan Account Table Computer;2019-08-07;false;seamless Metal deposit
2;Producer;Implementation Electronics Officer;2019-08-06;false;Albania web-readiness
3;Namibia;Steel zero administration;2019-08-07;false;Licensed Savings Account
4;Cambridgeshire Mississippi;HDD;2019-08-06;false;Small Frozen Sausages Planner
5;envisioneer Music Public-key;infomediaries;2019-08-07;true;backing up Salad
6;Digitized invoice;convergence;2019-08-07;true;Chair Facilitator
7;Views e-enable Communications;National Awesome sky blue;2019-08-07;true;navigating
8;interactive generating compelling;Home Loan Account;2019-08-07;false;back-end
9;Industrial;index orange;2019-08-07;false;magenta monitor 1080p
10;Unbranded Plastic Tuna Frozen;generating Highway Ergonomic;2019-08-07;false;moratorium pixel withdrawal
